"film_id","title","jumlah_rental","ranking"
103,Bucket Brotherhood,34,1
738,Rocketeer Mother,33,2
382,Grit Clockwork,32,3
331,Forward Temple,32,3
730,Ridgemont Submarine,32,3
489,Juggler Hardly,32,3
767,Scalawag Duck,32,3
1000,Zorro Ark,31,8
621,Network Peak,31,8
369,Goodfellas Salute,31,8
418,Hobbit Alien,31,8
753,Rush Goodfellas,31,8
31,Apache Divine,31,8
891,Timberland Sky,31,8
735,Robbers Joon,31,8
973,Wife Turn,31,8
563,Massacre Usual,30,17
109,Butterfly Chocolat,30,17
748,Rugrats Shakespeare,30,17
239,Dogma Family,30,17
869,Suspects Quills,30,17
979,Witches Panic,30,17
559,Married Go,30,17
789,Shock Cabin,30,17
609,Muscle Bright,30,17
450,Idols Snatchers,30,17
285,English Bulworth,30,17
127,Cat Coneheads,30,17
403,Harry Idaho,30,17
374,Graffiti Love,30,17
702,Pulp Beverly,30,17
341,Frost Head,30,17
220,Deer Virginian,29,33
945,Virginian Pluto,29,33
86,Boogie Amelie,29,33
174,Confidential Interview,29,33
301,Family Sweet,29,33
873,Sweethearts Suspects,29,33
941,Videotape Arsenic,29,33
875,Talented Homicide,29,33
361,Gleaming Jawbreaker,29,33
849,Storm Happiness,29,33
595,Moon Bunch,29,33
73,Bingo Talented,29,33
284,Enemy Odds,29,33
893,Titans Jerk,29,33
378,Greatest North,29,33
358,Gilmore Boiled,28,48
295,Expendable Stallion,28,48
395,Handicap Boondock,28,48
356,Giant Troopers,28,48
305,Fatal Haunted,28,48
951,Voyage Legally,28,48
745,Roses Treasure,28,48
764,Saturday Lambs,28,48
159,Closer Bang,28,48
911,Trip Newton,28,48
850,Story Side,28,48
625,None Spiking,27,59
638,Operation Operation,27,59
715,Range Moonwalker,27,59
521,Lies Treatment,27,59
200,Curtain Videotape,27,59
698,Princess Giant,27,59
603,Movie Shakespeare,27,59
367,Goldmine Tycoon,27,59
958,Wardrobe Phantom,27,59
135,Chance Resurrection,27,59
835,Spy Mile,27,59
206,Dancing Fever,27,59
525,Loathing Legally,27,59
468,Invasion Cyclone,27,59
330,Forrester Comancheros,27,59
78,Blackout Private,27,59
697,Primary Glass,27,59
879,Telegraph Voyage,27,59
114,Camelot Vacation,27,59
897,Torque Bound,27,59
434,Horror Reign,27,59
228,Detective Vision,27,59
531,Lose Inch,27,59
244,Dorado Notting,27,59
870,Swarm Gold,27,59
349,Gangs Pride,27,59
445,Hyde Doctor,26,85
181,Contact Anonymous,26,85
303,Fantasy Troopers,26,85
471,Island Exorcist,26,85
687,Pocus Pulp,26,85
460,Innocent Usual,26,85
391,Half Outfield,26,85
773,Seabiscuit Punk,26,85
938,Velvet Terminator,26,85
890,Tights Dawn,26,85
970,Westward Seabiscuit,26,85
554,Malkovich Pet,26,85
234,Disturbing Scarface,26,85
901,Tracy Cider,26,85
838,Stagecoach Armageddon,26,85
670,Pelican Comforts,26,85
12,Alaska Phantom,26,85
101,Brotherhood Blanket,26,85
263,Durham Panky,26,85
397,Hanky October,26,85
572,Metropolis Coma,26,85
307,Fellowship Autumn,26,85
167,Coma Head,26,85
683,Pity Bound,26,85
880,Telemark Heartbreakers,25,109
856,Streetcar Intentions,25,109
895,Tomorrow Hustler,25,109
309,Feud Frogmen,25,109
266,Dynamite Tarzan,25,109
624,Nightmare Chill,25,109
162,Clueless Bucket,25,109
555,Mallrats United,25,109
791,Show Lord,25,109
288,Escape Metropolis,25,109
387,Gun Bonnie,25,109
760,Samurai Lion,25,109
571,Metal Armageddon,25,109
247,Downhill Enough,25,109
786,Shepherd Midsummer,25,109
273,Effect Gladiator,25,109
172,Coneheads Smoochy,25,109
989,Working Microcosmos,25,109
863,Sun Confessions,25,109
545,Madness Attacks,25,109
55,Barbarella Streetcar,25,109
417,Hills Neighbors,25,109
245,Double Wrath,25,109
644,Oscar Gold,25,109
319,Fish Opus,25,109
902,Trading Pinocchio,25,109
154,Clash Freddy,25,109
586,Mockingbird Hollywood,24,136
741,Roman Punk,24,136
775,Seattle Expecations,24,136
476,Jason Trap,24,136
11,Alamo Videotape,24,136
649,Oz Liaisons,24,136
810,Slums Duck,24,136
304,Fargo Gandhi,24,136
45,Attraction Newton,24,136
366,Goldfinger Sensibility,24,136
91,Bound Cheaper,24,136
865,Sunrise League,24,136
35,Arachnophobia Rollercoaster,24,136
966,Wedding Apollo,24,136
119,Caper Motions,24,136
131,Center Dinosaur,24,136
790,Shootist Superfly,24,136
447,Ice Crossing,24,136
527,Lola Agent,24,136
253,Drifter Commandments,24,136
650,Pacific Amistad,24,136
804,Sleeping Suspects,24,136
641,Orange Grapes,24,136
502,Knock Warlock,24,136
43,Atlantis Cause,24,136
551,Maiden Home,24,136
852,Strangelove Desire,24,136
433,Horn Working,24,136
130,Celebrity Horn,24,136
491,Jumping Wrath,24,136
443,Hurricane Affair,24,136
388,Gunfight Moon,24,136
166,Color Philadelphia,24,136
914,Trouble Date,23,169
676,Philadelphia Wife,23,169
816,Snowman Rollercoaster,23,169
494,Karate Moon,23,169
122,Carrie Bunch,23,169
117,Candles Grapes,23,169
320,Flamingos Connecticut,23,169
270,Earth Vision,23,169
646,Outbreak Divine,23,169
961,Wash Heavenly,23,169
645,Others Soup,23,169
327,Fool Mockingbird,23,169
412,Heavyweights Beast,23,169
771,Scorpion Apollo,23,169
843,Steel Santa,23,169
857,Strictly Scarface,23,169
1,Academy Dinosaur,23,169
504,Kwai Homeward,23,169
10,Aladdin Calendar,23,169
191,Crooked Frogmen,23,169
982,Women Dorado,23,169
614,Name Detective,23,169
51,Balloon Homeward,23,169
995,Yentl Idaho,23,169
271,Easy Gladiator,23,169
334,Freddy Storm,23,169
915,Truman Crazy,23,169
199,Cupboard Sinners,23,169
353,Gentlemen Stage,23,169
976,Wind Phantom,23,169
608,Murder Antitrust,23,169
437,House Dynamite,23,169
665,Patton Interview,23,169
759,Salute Apollo,23,169
4,Affair Prejudice,23,169
892,Titanic Boondock,23,169
26,Annie Identity,22,205
376,Grapes Fury,22,205
518,Liaisons Sweet,22,205
322,Flatliners Killer,22,205
556,Maltese Hope,22,205
706,Queen Luke,22,205
79,Blade Polish,22,205
54,Banger Pinocchio,22,205
823,South Wait,22,205
267,Eagles Panky,22,205
428,Homicide Peach,22,205
18,Alter Victory,22,205
772,Sea Virgin,22,205
143,Chill Luck,22,205
814,Snatch Slipper,22,205
61,Beauty Grease,22,205
59,Bear Graceland,22,205
15,Alien Center,22,205
500,Kiss Glory,22,205
949,Volcano Texas,22,205
314,Fight Jawbreaker,22,205
972,Whisperer Giant,22,205
300,Falcon Volume,22,205
21,American Circus,22,205
575,Midsummer Groundhog,22,205
782,Shakespeare Saddle,22,205
408,Head Stranger,22,205
415,High Encino,22,205
176,Congeniality Quest,22,205
985,Wonderland Christmas,22,205
651,Packer Madigan,22,205
898,Tourist Pelican,22,205
142,Chicken Hellfighters,22,205
406,Haunting Pianist,22,205
25,Angels Life,22,205
800,Sinners Atlantis,22,205
444,Hustler Party,22,205
89,Borrowers Bedazzled,22,205
252,Dream Pickup,22,205
930,Vacation Boondock,21,244
317,Fireball Philadelphia,21,244
67,Berets Agent,21,244
23,Anaconda Confessions,21,244
6,Agent Truman,21,244
981,Wolves Desire,21,244
677,Pianist Outfield,21,244
242,Doom Dancing,21,244
149,Christmas Moonshine,21,244
280,Empire Malkovich,21,244
755,Sabrina Midnight,21,244
602,Mourning Purple,21,244
776,Secret Groundhog,21,244
37,Arizona Bang,21,244
132,Chainsaw Uptown,21,244
377,Grease Youth,21,244
922,Undefeated Dalmations,21,244
164,Coast Rainbow,21,244
514,Lebowski Soldiers,21,244
637,Open African,21,244
846,Sting Personal,21,244
129,Cause Date,21,244
49,Badman Dawn,21,244
807,Sleuth Orient,21,244
218,Deceiver Betrayed,21,244
861,Suit Walls,21,244
596,Moonshine Cabin,21,244
112,Calendar Gunfight,21,244
681,Pirates Roxanne,21,244
841,Star Operation,21,244
22,Amistad Midsummer,21,244
313,Fidelity Devil,21,244
235,Divide Monster,21,244
19,Amadeus Holy,21,244
57,Basic Easy,21,244
83,Blues Instinct,21,244
274,Egg Igby,21,244
833,Splendor Patton,21,244
806,Sleepy Japanese,21,244
953,Wait Cider,21,244
416,Highball Potter,21,244
69,Beverly Outlaw,21,244
727,Resurrection Silverado,21,244
354,Ghost Groundhog,21,244
193,Crossroads Casualties,21,244
100,Brooklyn Desert,21,244
39,Armageddon Lost,21,244
138,Chariots Conspiracy,21,244
292,Excitement Eve,21,244
920,Unbreakable Karate,21,244
255,Driving Polish,21,244
249,Dracula Crystal,21,244
484,Jerk Paycheck,20,296
414,Hellfighters Sierra,20,296
326,Flying Hook,20,296
439,Hunchback Impossible,20,296
140,Cheaper Clyde,20,296
462,Insider Arizona,20,296
139,Chasing Fight,20,296
628,Northwest Polish,20,296
231,Dinosaur Secretary,20,296
647,Outfield Massacre,20,296
363,Go Purple,20,296
204,Dalmations Sweden,20,296
851,Straight Hours,20,296
906,Tramp Others,20,296
720,Redemption Comforts,20,296
680,Pinocchio Simon,20,296
805,Sleepless Monsoon,20,296
486,Jet Neighbors,20,296
535,Love Suicides,20,296
409,Heartbreakers Bright,20,296
993,Wrong Behavior,20,296
707,Quest Mussolini,20,296
147,Chocolat Harry,20,296
728,Reunion Witches,20,296
778,Secrets Paradise,20,296
845,Stepmom Dream,20,296
578,Million Ace,20,296
694,Prejudice Oleander,20,296
465,Interview Liaisons,20,296
350,Garden Island,20,296
733,River Outlaw,20,296
590,Money Harold,20,296
562,Masked Bubble,20,296
402,Harper Dying,20,296
467,Intrigue Worst,20,296
668,Peak Forever,20,296
723,Reign Gentlemen,20,296
496,Kick Savannah,20,296
743,Room Roman,20,296
99,Bringing Hysterical,20,296
501,Kissing Dolls,20,296
827,Spice Sorority,20,296
579,Minds Truman,20,296
345,Gables Metropolis,19,339
663,Patient Sister,19,339
160,Club Graffiti,19,339
344,Fury Murder,19,339
747,Roxanne Rebel,19,339
222,Desert Poseidon,19,339
115,Campus Remember,19,339
97,Bride Intrigue,19,339
948,Voice Peach,19,339
690,Pond Seattle,19,339
118,Canyon Stock,19,339
479,Jedi Beneath,19,339
734,Road Roxanne,19,339
436,Hours Rage,19,339
710,Rage Games,19,339
48,Backlash Undefeated,19,339
298,Eyes Driving,19,339
785,Shawshank Bubble,19,339
233,Disciple Mother,19,339
243,Doors President,19,339
370,Gorgeous Bingo,19,339
396,Hanging Deep,19,339
72,Bill Others,19,339
725,Requiem Tycoon,19,339
158,Clones Pinocchio,19,339
580,Mine Titans,19,339
912,Trojan Tomorrow,19,339
282,Encounters Curtain,19,339
269,Earring Instinct,19,339
631,Novocaine Flight,19,339
457,Independence Hotel,19,339
281,Encino Elf,19,339
302,Fantasia Park,19,339
864,Sundance Invasion,19,339
887,Thief Pelican,19,339
227,Details Packer,19,339
311,Fiction Christmas,19,339
619,Neighbors Charade,19,339
451,Igby Maker,19,339
560,Mars Roman,19,339
818,Something Duck,19,339
610,Music Boondock,19,339
616,National Story,19,339
150,Cider Desire,19,339
429,Honey Ties,19,339
90,Boulevard Mob,18,384
724,Remember Diary,18,384
432,Hope Tootsie,18,384
155,Cleopatra Devil,18,384
583,Mission Zoolander,18,384
524,Lion Uncut,18,384
461,Insects Stone,18,384
812,Smoking Barbarella,18,384
116,Candidate Perdition,18,384
56,Barefoot Manchurian,18,384
474,Jade Bunch,18,384
768,Scarface Bang,18,384
17,Alone Trip,18,384
212,Darn Forrester,18,384
294,Expecations Natural,18,384
709,Racer Egg,18,384
463,Instinct Airport,18,384
689,Pollock Deliverance,18,384
8,Airport Pollock,18,384
254,Driver Annie,18,384
971,Whale Bikini,18,384
924,Unforgiven Zoolander,18,384
251,Dragonfly Strangers,18,384
871,Sweden Shining,18,384
746,Rouge Squad,18,384
967,Weekend Personal,18,384
473,Jacket Frisco,18,384
385,Groundhog Uncut,18,384
986,Wonka Sea,18,384
410,Heaven Freedom,18,384
777,Secretary Rouge,18,384
936,Vanishing Rocky,18,384
215,Dawn Pond,18,384
688,Polish Brooklyn,18,384
329,Forrest Sons,18,384
286,Enough Raging,18,384
456,Inch Jet,18,384
184,Core Suit,18,384
346,Galaxy Sweethearts,18,384
657,Paradise Sabrina,18,384
77,Birds Perdition,18,384
383,Groove Fiction,18,384
121,Carol Texas,18,384
380,Greek Everyone,17,427
175,Confused Candles,17,427
854,Strangers Graffiti,17,427
693,Potter Connecticut,17,427
859,Sugar Wonka,17,427
169,Comforts Rush,17,427
626,Noon Papi,17,427
424,Holocaust Highball,17,427
574,Midnight Westward,17,427
448,Idaho Love,17,427
275,Egypt Tenenbaums,17,427
464,Intentions Empire,17,427
878,Teen Apollo,17,427
70,Bikini Borrowers,17,427
333,Freaky Pocus,17,427
925,United Pilot,17,427
717,Rear Trading,17,427
803,Slacker Liaisons,17,427
611,Musketeers Wait,17,427
672,Perfect Groove,17,427
944,Virgin Daisy,17,427
299,Factory Dragon,17,427
744,Roots Remember,17,427
964,Waterfront Deliverance,17,427
483,Jericho Mulan,17,427
183,Conversation Downhill,17,427
265,Dying Maker,17,427
877,Taxi Kick,17,427
534,Louisiana Harry,17,427
552,Majestic Floats,17,427
95,Breakfast Goldfinger,17,427
999,Zoolander Fiction,17,427
398,Hanover Galaxy,17,427
58,Beach Heartbreakers,17,427
510,Lawless Vision,17,427
488,Joon Northwest,17,427
506,Lady Stage,17,427
691,Poseidon Forever,17,427
308,Ferris Mother,17,427
763,Satisfaction Confidential,17,427
324,Flintstones Happiness,17,427
643,Orient Closer,17,427
348,Gandhi Kwai,17,427
336,French Holiday,17,427
481,Jekyll Frogmen,17,427
737,Rock Instinct,17,427
512,League Hellfighters,17,427
623,Newton Labyrinth,17,427
561,Mask Peach,17,427
956,Wanda Chamber,16,476
42,Artist Coldblooded,16,476
170,Command Darling,16,476
189,Creatures Shakespeare,16,476
458,Indian Love,16,476
696,Pride Alamo,16,476
351,Gaslight Crusade,16,476
987,Words Hunter,16,476
969,West Lion,16,476
111,Caddyshack Jedi,16,476
44,Attacks Hate,16,476
797,Silence Kane,16,476
664,Patriot Roman,16,476
975,Willow Tracy,16,476
50,Baked Cleopatra,16,476
373,Graduate Lord,16,476
123,Casablanca Super,16,476
600,Motions Details,16,476
704,Pure Runner,16,476
606,Mummy Creatures,16,476
991,Worst Banger,16,476
105,Bull Shawshank,16,476
392,Hall Cassidy,16,476
686,Pluto Oleander,16,476
908,Trap Guys,16,476
809,Slipper Fidelity,16,476
260,Dude Blindness,16,476
179,Conquerer Nuts,16,476
937,Varsity Trip,16,476
708,Quills Bull,16,476
601,Moulin Wake,16,476
963,Watch Tracy,16,476
226,Destiny Saturday,16,476
526,Lock Rear,16,476
427,Homeward Cider,16,476
678,Pickup Driving,16,476
141,Chicago North,16,476
480,Jeepers Wedding,16,476
757,Sagebrush Clueless,16,476
40,Army Flintstones,16,476
862,Summer Scarface,16,476
165,Coldblooded Darling,16,476
186,Craft Outfield,16,476
927,Uprising Uptown,16,476
85,Bonnie Holocaust,16,476
716,Reap Unfaithful,16,476
739,Rocky War,16,476
666,Paycheck Wait,16,476
203,Daisy Menagerie,16,476
980,Wizard Coldblooded,16,476
570,Mermaid Insects,16,476
679,Pilot Hoosiers,16,476
749,Rules Human,16,476
855,Streak Ridgemont,16,476
442,Hunting Musketeers,15,530
7,Airplane Sierra,15,530
152,Circus Youth,15,530
770,Scissorhands Slums,15,530
544,Madison Trap,15,530
618,Necklace Outbreak,15,530
137,Charade Duffel,15,530
795,Siege Madre,15,530
796,Sierra Divide,15,530
272,Edge Kissing,15,530
858,Submarine Bed,15,530
634,Odds Boogie,15,530
932,Valley Packer,15,530
529,Lonely Elephant,15,530
962,Wasteland Divine,15,530
505,Labyrinth League,15,530
201,Cyclone Family,15,530
844,Steers Armageddon,15,530
655,Panther Reds,15,530
446,Hysterical Grail,15,530
732,Rings Heartbreakers,15,530
872,Sweet Brotherhood,15,530
792,Shrek License,15,530
896,Tootsie Pilot,15,530
110,Cabin Flash,15,530
557,Manchurian Curtain,15,530
229,Devil Desire,15,530
788,Ship Wonderland,15,530
542,Lust Lock,15,530
421,Holiday Games,15,530
28,Anthem Luke,15,530
592,Monster Spartacus,15,530
820,Sons Interview,15,530
598,Mosquito Armageddon,15,530
287,Entrapment Satisfaction,15,530
588,Model Fish,15,530
988,Worker Tarzan,15,530
232,Dirty Ace,15,530
830,Spirit Flintstones,15,530
654,Panky Submarine,15,530
452,Illusion Amelie,15,530
615,Nash Chocolat,15,530
236,Divine Resurrection,15,530
532,Loser Hustler,15,530
907,Translation Summer,15,530
420,Holes Brannigan,15,530
589,Modern Dorado,15,530
942,Vietnam Smoochy,15,530
84,Boiled Dares,15,530
438,Human Graffiti,15,530
68,Betrayed Rear,15,530
216,Day Unfaithful,14,581
968,Werewolf Lola,14,581
667,Peach Innocent,14,581
756,Saddle Antitrust,14,581
629,Notorious Reunion,14,581
347,Games Bowfinger,14,581
620,Nemo Campus,14,581
992,Wrath Mile,14,581
894,Tomatoes Hellfighters,14,581
205,Dances None,14,581
381,Grinch Massage,14,581
360,Glass Dying,14,581
536,Lovely Jingle,14,581
673,Personal Ladybugs,14,581
783,Shane Darkness,14,581
648,Outlaw Hanky,14,581
173,Confessions Maguire,14,581
847,Stock Glass,14,581
921,Uncut Suicides,14,581
24,Analyze Hoosiers,14,581
916,Turn Star,14,581
784,Shanghai Tycoon,14,581
546,Madre Gables,14,581
493,Kane Exorcist,14,581
599,Mother Oleander,14,581
277,Elephant Trojan,14,581
453,Image Princess,14,581
81,Blindness Gun,14,581
832,Splash Gump,14,581
840,Stampede Disturbing,14,581
946,Virtual Spoilers,14,581
241,Donnie Alley,14,581
652,Pajama Jawbreaker,14,581
190,Creepers Kane,14,581
913,Troopers Metal,14,581
365,Gold River,14,581
455,Impossible Prejudice,14,581
426,Home Pity,14,581
379,Greedy Roots,14,581
478,Jaws Harry,14,581
394,Hamlet Wisdom,14,581
793,Shrunk Divine,14,581
900,Town Ark,14,581
219,Deep Crusade,14,581
658,Paris Weekend,14,581
774,Searchers Wait,14,581
16,Alley Evolution,14,581
765,Saturn Name,13,628
882,Tenenbaums Command,13,628
423,Hollywood Anonymous,13,628
929,Usual Untouchables,13,628
321,Flash Wars,13,628
617,Natural Stock,13,628
209,Darkness War,13,628
98,Bright Encounters,13,628
828,Spiking Element,13,628
639,Opposite Necklace,13,628
296,Express Lonely,13,628
440,Hunger Roof,13,628
829,Spinal Rocky,13,628
71,Bilko Anonymous,13,628
27,Anonymous Human,13,628
96,Breaking Home,13,628
213,Date Speed,13,628
63,Bedazzled Married,13,628
762,Sassy Packer,13,628
705,Purple Movie,13,628
293,Exorcist Sting,13,628
145,Chisum Behavior,13,628
177,Connecticut Tramp,13,628
711,Raging Airplane,13,628
593,Monterey Labyrinth,13,628
917,Tuxedo Mile,13,628
597,Moonwalker Fool,13,628
736,Robbery Bright,13,628
573,Microcosmos Paradise,13,628
604,Mulan Moon,13,628
133,Chamber Italian,13,628
511,Lawrence Love,13,628
577,Mile Mulan,13,628
842,State Wasteland,13,628
487,Jingle Sagebrush,13,628
568,Memento Zoolander,13,628
151,Cincinatti Whisperer,13,628
153,Citizen Shrek,13,628
65,Behavior Runaway,13,628
134,Champion Flatliners,13,628
540,Lucky Flying,13,628
328,Forever Candidate,13,628
661,Past Suicides,13,628
994,Wyoming Storm,13,628
258,Drums Dynamite,13,628
430,Hook Chariots,13,628
290,Everyone Craft,13,628
660,Party Knock,13,628
202,Daddy Pittsburgh,13,628
449,Identity Lover,13,628
867,Super Wyoming,13,628
34,Arabia Dogma,13,628
315,Finding Anaconda,12,680
564,Massage Image,12,680
933,Vampire Whale,12,680
794,Side Ark,12,680
821,Sorority Queen,12,680
9,Alabama Devil,12,680
194,Crow Grease,12,680
413,Hedwig Alter,12,680
766,Savannah Town,12,680
88,Born Spinal,12,680
977,Window Side,12,680
919,Tycoon Gathering,12,680
5,African Egg,12,680
576,Mighty Luck,12,680
825,Speakeasy Date,12,680
80,Blanket Beverly,12,680
798,Silverado Goldfinger,12,680
389,Gunfighter Mussolini,12,680
3,Adaptation Holes,12,680
881,Temple Attraction,12,680
93,Brannigan Sunrise,12,680
207,Dangerous Uptown,12,680
533,Lost Bird,12,680
957,War Notting,12,680
519,Liberty Magnificent,12,680
323,Flight Lies,12,680
585,Mob Duffel,12,680
813,Smoochy Control,12,680
682,Pittsburgh Hunchback,12,680
291,Evolution Alter,12,680
567,Meet Chocolate,12,680
928,Uptown Young,12,680
581,Minority Kiss,12,680
538,Loverboy Attacks,12,680
113,California Birds,12,680
931,Valentine Vanishing,12,680
509,Language Cowboy,11,716
92,Bowfinger Gables,11,716
761,Santa Paris,11,716
342,Fugitive Maguire,11,716
905,Trainspotting Strangers,11,716
889,Ties Hunger,11,716
337,Frida Slipper,11,716
60,Beast Hunchback,11,716
210,Darko Dorado,11,716
306,Feathers Metal,11,716
848,Stone Fire,11,716
918,Twisted Pirates,11,716
888,Thin Sagebrush,11,716
530,Lord Arizona,11,716
257,Drumline Cyclone,11,716
700,Prix Undefeated,11,716
104,Bugsy Song,11,716
831,Spirited Casualties,11,716
587,Mod Secretary,11,716
899,Towers Hurricane,11,716
469,Iron Moon,11,716
250,Dragon Squad,11,716
722,Reef Salute,11,716
187,Cranes Reservoir,11,716
75,Bird Independence,11,716
729,Rider Caddyshack,11,716
633,October Submarine,11,716
853,Stranger Strangers,11,716
886,Theory Mermaid,11,716
627,North Tequila,11,716
549,Magnolia Forrester,11,716
692,Potluck Mixed,11,716
640,Opus Ice,11,716
283,Ending Crowds,11,716
74,Birch Antitrust,11,716
352,Gathering Calendar,11,716
819,Song Hedwig,11,716
64,Beethoven Exorcist,11,716
46,Autumn Crow,11,716
750,Run Pacific,10,755
952,Wagon Jaws,10,755
422,Hollow Jeopardy,10,755
636,Oleander Clue,10,755
731,Right Cranes,10,755
613,Mystic Truman,10,755
508,Lambs Cincinatti,10,755
66,Beneath Rush,10,755
82,Blood Argonauts,10,755
811,Smile Earring,10,755
780,Sensibility Rear,10,755
630,Notting Speakeasy,10,755
662,Paths Control,10,755
522,Life Twisted,10,755
726,Reservoir Adaptation,10,755
276,Element Freddy,10,755
868,Superfly Trip,10,755
553,Maker Gables,10,755
537,Lover Truman,10,755
528,Lolita World,10,755
339,Frogmen Breaking,10,755
740,Rollercoaster Bringing,10,755
482,Jeopardy Encino,10,755
246,Doubtfire Labyrinth,10,755
543,Madigan Dorado,10,755
393,Halloween Nuts,10,755
312,Fiddler Lost,10,755
837,Stage World,10,755
29,Antitrust Tomatoes,10,755
279,Elizabeth Shane,10,755
375,Grail Frankenstein,10,755
477,Jawbreaker Brooklyn,10,755
157,Clockwork Paradise,10,755
834,Spoilers Hellfighters,10,755
20,Amelie Hellfighters,10,755
368,Gone Trouble,10,755
539,Luck Opus,10,755
960,Wars Pluto,10,755
515,Legally Secretary,9,793
338,Frisco Forrest,9,793
503,Kramer Chocolate,9,793
230,Diary Panic,9,793
492,Jungle Closer,9,793
208,Dares Pluto,9,793
550,Maguire Apache,9,793
240,Dolls Rage,9,793
188,Crazy Home,9,793
466,Intolerable Intentions,9,793
826,Speed Suit,9,793
435,Hotel Happiness,9,793
264,Dwarfs Alter,9,793
983,Won Dares,9,793
565,Matrix Snowman,9,793
126,Casualties Encino,9,793
978,Wisdom Worker,9,793
211,Darling Breaking,9,793
425,Holy Tadpole,9,793
984,Wonderful Drop,9,793
256,Drop Waterfront,9,793
30,Anything Savannah,9,793
998,Zhivago Core,9,793
454,Impact Aladdin,9,793
214,Daughter Madigan,9,793
721,Reds Pocus,9,793
591,Monsoon Cause,9,793
355,Ghostbusters Elf,9,793
76,Birdcage Casper,9,793
714,Random Go,9,793
13,Ali Forever,9,793
582,Miracle Virtual,9,793
685,Platoon Instinct,9,793
357,Gilbert Pelican,9,793
824,Spartacus Cheaper,9,793
516,Legend Jedi,9,793
815,Snatchers Montezuma,9,793
120,Caribbean Liberty,9,793
632,Nuts Ties,9,793
594,Montezuma Command,9,793
499,King Evolution,9,793
390,Guys Falcon,9,793
940,Victory Academy,9,793
934,Vanilla Day,9,793
431,Hoosiers Birdcage,8,837
146,Chitty Lock,8,837
197,Crusade Honey,8,837
47,Baby Hall,8,837
703,Punk Divorce,8,837
656,Papi Necklace,8,837
923,Unfaithful Kill,8,837
566,Maude Mod,8,837
548,Magnificent Chitty,8,837
371,Gosford Donnie,8,837
866,Sunset Racer,8,837
364,Godfather Diary,8,837
659,Park Citizen,8,837
401,Harold French,8,837
136,Chaplin License,8,837
490,Jumanji Blade,8,837
822,Soup Wisdom,8,837
674,Pet Haunting,8,837
817,Soldiers Evolution,8,837
751,Runaway Tenenbaums,8,837
719,Records Zorro,8,837
990,World Leathernecks,8,837
225,Destination Jerk,8,837
876,Tarzan Videotape,8,837
758,Saints Bride,8,837
52,Ballroom Mockingbird,8,837
384,Grosse Wonderful,8,837
939,Vertigo Northwest,8,837
523,Lights Deer,8,837
718,Rebel Airport,8,837
787,Shining Roses,8,837
163,Clyde Theory,8,837
926,Untouchables Sunrise,8,837
223,Desire Alien,8,837
124,Casper Dragonfly,8,837
752,Runner Madigan,8,837
779,Sense Greek,7,873
935,Vanished Garden,7,873
178,Connection Microcosmos,7,873
569,Menagerie Rushmore,7,873
517,Lesson Cleopatra,7,873
248,Dozen Lion,7,873
161,Clue Grail,7,873
653,Panic Club,7,873
836,Squad Fish,7,873
684,Pizza Jumanji,7,873
470,Ishtar Rocketeer,7,873
106,Bulworth Commandments,7,873
185,Cowboy Doom,7,873
261,Duffel Apocalypse,7,873
156,Clerks Angels,7,873
316,Fire Wolves,7,873
2,Ace Goldfinger,7,873
411,Heavenly Gun,7,873
53,Bang Kwai,7,873
947,Vision Torque,7,873
289,Eve Resurrection,7,873
407,Hawk Chill,7,873
910,Treatment Jekyll,7,873
520,License Weekend,7,873
541,Luke Mummy,7,873
237,Divorce Shining,7,873
622,Newsies Story,7,873
278,Elf Murder,7,873
238,Doctor Grail,7,873
605,Mulholland Beast,7,873
839,Stallion Sundance,7,873
182,Control Anthem,7,873
547,Magic Mallrats,7,873
268,Early Home,7,873
513,Leathernecks Dwarfs,7,873
996,Young Language,7,873
695,President Bang,7,873
196,Cruelty Unforgiven,7,873
769,School Jacket,6,911
102,Bubble Grosse,6,911
259,Duck Racer,6,911
262,Dumbo Lust,6,911
965,Watership Frontier,6,911
399,Happiness United,6,911
959,Warlock Werewolf,6,911
885,Texas Watch,6,911
32,Apocalypse Flamingos,6,911
168,Comancheros Enemy,6,911
498,Killer Innocent,6,911
635,Oklahoma Jumanji,6,911
507,Ladybugs Armageddon,6,911
997,Youth Kick,6,911
754,Rushmore Mermaid,6,911
883,Tequila Past,6,911
884,Terminator Club,6,911
224,Desperate Trainspotting,6,911
405,Haunted Antitrust,6,911
485,Jersey Sassy,6,911
675,Phantom Glory,6,911
62,Bed Highball,6,911
340,Frontier Cabin,6,911
125,Cassidy Wyoming,6,911
475,Japanese Run,6,911
297,Extraordinary Conquerer,6,911
974,Wild Apollo,6,911
472,Italian African,6,911
808,Sling Luke,6,911
372,Graceland Dynamite,6,911
799,Simon North,6,911
310,Fever Empire,5,942
781,Seven Swarm,5,942
94,Braveheart Human,5,942
558,Mannequin Worst,5,942
362,Glory Tracy,5,942
441,Hunter Alter,5,942
343,Full Flatliners,5,942
459,Informer Double,5,942
335,Freedom Cleopatra,5,942
612,Mussolini Spoilers,5,942
903,Traffic Hobbit,5,942
699,Private Drop,5,942
107,Bunch Minds,5,942
180,Conspiracy Spirit,5,942
400,Hardly Robbers,4,956
584,Mixed Doors,4,956
904,Train Bunch,4,956
